Locale	Service	App	Utterance	Replacement	Command	Arg1	Arg2	Comment	Tags
et		:	^(?:saada kiri) ?(.*)	{ "component": "ee.ioc.phon.android.speak/.activity.SpeechActionActivity", "extras": {     "ee.ioc.phon.android.extra.VOICE_PROMPT": "√ñelge \\"s√µnum tere\\", v√µi \\"loe ette\\", v√µi \\"saada √§ra\\".",     "android.speech.extra.PROMPT": "OK. Kirjasaaja: kaljurand+k6nele@gmail.com; S√µnum: $1",     "android.speech.extra.MAX_RESULTS": 1,     "android.speech.extra.LANGUAGE": "et-EE",     "ee.ioc.phon.android.extra.AUTO_START": True,     "ee.ioc.phon.android.extra.RESULT_UTTERANCE": "(.+)",     "ee.ioc.phon.android.extra.RESULT_REPLACEMENT": "i<kaljurand+k6nele@gmail.com><><$1>\$1",     "ee.ioc.phon.android.extra.RESULT_REWRITES": ["Send"]   } }				The rewrites table "Send" must exist. The recipient and message are initialized already here.	
		:	mida √ºtleb rebane|what does the fox say	{ "component": "ee.ioc.phon.android.speak/.activity.SpeechActionActivity", "extras": {     "ee.ioc.phon.android.extra.VOICE_PROMPT": "ao√§ia √µe uue oa√µieaia √µueaua √∂√∂au ao√§ia √µe uue oa√µieaia √µueaua √∂√∂au",     "android.speech.extra.PROMPT": "Rebane √ºtleb nii...",     "android.speech.extra.LANGUAGE": "en" }}				Example of voice prompt	
			([^ ]+ [^ ]+) \1	$1				delete repetition	
		com\.google\.android\.apps\.fireball	^assist[a-z]+	@google 				Query Google Assistant	
		com\.google\.android\.apps\.fireball	^(at )?Google	@google 				Query Google Assistant	
en			smiley face|:-\)	üòä				Emoji	
et			naeru ?n√§o(ga)? ?s√ºmbol	:-)					
et			r√µ√µmsa ?n√§o(ga)? ?s√ºmbol	:-)					
et			v√§ga ?kurva ?n√§o(ga)? ?s√ºmbol	:'(					
et			nutu ?n√§o(ga)? ?s√ºmbol	:-(					
et			kurva ?n√§o(ga)? ?s√ºmbol	:-(					
en			old man dark skin tone	üë¥üèø				Emoji	
et			vana mustanahaline mees	üë¥üèø				Emoji	
et			sulud algavad	(					
et			sulud l√µpevad	)					
et			klambrid algavad	[					
et			klambrid l√µpevad	]					
et			sidekriips( |$)	-					
et			m√µttekriips( |$)	 -- 					
et			uus l√µik	\n\n					
en			dollar sign	\$				Dollar sign must be escaped.	
et			(\w) (aga|et|kuid|sest|siis|vaid)( |$)	$1, $2$3				autopunctuation. We optimize for precision by checking that the inserted comma is preceded by a word character, thus it only works within the utterance. Works incorrectly with <mis sa siis teed> etc.	
et			(\w) (mille|kelle)(l|le|lt|s|sse|st|ni|na|ks|ga|ta)( |$)	$1, $2$3$4				relcl pronoun	
et			(\w) (mi|ke)(s|da|lle)( |$)	$1, $2$3$4				relcl pronoun	
#et			(\w) √ºks( |$)					number	
et			(\w) kaks( |$)	$1 2$2				number	
et			(\w) kolm( |$)	$1 3$2				number	
et			(\w) neli( |$)	$1 4$2				number	
et			(\w) viis minuti	$1 5 minuti				number	
et			(\w) kuus( |$)	$1 6$2				number	
et			(\w) seitse( |$)	$1 7$2				number	
et			(\w) kaheksa( |$)	$1 8$2				number	
et			(\w) √ºheksa( |$)	$1 9$2				number	
et			(\w) k√ºmme( |$)	$1 10$2				number	
et			(\d) kolmandikku	$1/3				number	
et			(\d) neljandikku	$1/4				number	
et			(\d) viiendikku	$1/5				number	
et			(\d) kuuendikku	$1/6				number	
et			(\d) seitsmendikku	$1/7				number	
et			(\d) kaheksandikku	$1/8				number	
et			(\d) √ºheksandikku	$1/9				number	
et		:	^n√§ita √§ratuskell.?$	{ "action": "android.intent.action.SHOW_ALARMS", "flags": [ 4096 ] }					intent, alarm
		:	^(?:taimer|timer) (\d+)$	{ "action": "android.intent.action.SET_TIMER", "extras": {     "android.intent.extra.alarm.LENGTH": $1,     "android.intent.extra.alarm.MESSAGE": "Tiksub",     "android.intent.extra.alarm.SKIP_UI": false     } }					intent, alarm
et		:	^.*√§rata mind(?: palun)?(?: kell)? (\d+) (?:0 )?(\d+)\s*(.*)$	{ "action": "android.intent.action.SET_ALARM", "extras": {     "android.intent.extra.alarm.HOUR": $1,     "android.intent.extra.alarm.MINUTES": $2,     "android.intent.extra.alarm.MESSAGE": "$3"     }, "categories": [     "android.intent.category.VOICE"     ], "flags": [     4096     ] }					intent, alarm
et		:	^.*√§rata mind(?: palun)? kell (\d+)\s*(.*)$	{ "action": "android.intent.action.SET_ALARM", "extras": {     "android.intent.extra.alarm.HOUR": $1,     "android.intent.extra.alarm.MESSAGE": "$2"     }, "categories": [     "android.intent.category.VOICE"     ], "flags": [     4096     ] }					intent, alarm
en		:	^set(?: the)? alarm.* (\d+):?0?(\d+)\s*(.*)$	{ "action": "android.intent.action.SET_ALARM", "extras": {     "android.intent.extra.alarm.HOUR": $1,     "android.intent.extra.alarm.MINUTES": $2,     "android.intent.extra.alarm.MESSAGE": "$3"     } }					intent, alarm
et		:	^ava arvuta ?ja$	{ "component": "ee.ioc.phon.android.arvutaja/.ArvutajaActivity", "extras": {     "ee.ioc.phon.android.extra.AUDIO_CUES": true,     "ee.ioc.phon.android.extra.USE_EXTERNAL_EVALUATOR": true,     "ee.ioc.phon.android.extra.LAUNCH_RECOGNIZER": true     } }					intent, component
et		:	^ava (.+)$	{ "action": "android.intent.action.VIEW", "data": "http://www.$1.ee" }					intent, http
et		:	algus (.+) l√µpp (.+)	{ "action": "android.intent.action.VIEW", "data": "http://maps.google.com/maps?saddr=$1&daddr=$2" }					
et		:	^otsi (.+)$	{ "action": "com.google.android.gms.actions.SEARCH_ACTION", "extras": {     "query": "$1"     } }					intent, component
et		:	^vali number (.+)$	{ "action": "android.intent.action.DIAL", "data": "tel:$1" }					intent, component
et		:	^helista number (.+)$	{ "action": "android.intent.action.CALL", "data": "tel:$1" }				Requires permission, which K√µnele does not have.	intent, component
et		:	^m√§ngi muusikat (.+)$	{ "action": "android.media.action.MEDIA_PLAY_FROM_SEARCH", "extras": {     "android.intent.extra.focus": "vnd.android.cursor.item/*",     "query": "$1"     }, "flags": [     4096     ] }					intent, alarm
et		[^:]	muster (1|√ºks)	Tere,\n\n				template	
et		[^:]	muster (2|kaks)	Nimi: []\n\nIsikukood: []\n\nAadress: []\n\n				template	
et		[^:]	^vastuse vorm m√º√ºgipakkumisele$	Lugupeetud []\n \n T√§name Teid, et vastasite meie\n \n Lugupidamisega\n Heikki Papper\n m√º√ºgijuht					template
et		vimtouch	kopeeri rida|kopeerida|kopeeri *\\n	yy					
et		vimtouch	kleebi rida|kleebi *\\n	p					
et		vimtouch	kustuta rida|kustuta *\\n	dd					
et		vimtouch	sisestus ?re≈æiim	i					
et		vimtouch	j√§tka j√§rgmiselt realt	o					
et		vimtouch	otsi (.+)	/$1\n					
et		vimtouch	korda	*					
et		vimtouch	asend[^ ]* s√µna ?(.+) s√µnaga (.+)	:%s/$1/$2/g\n					
et		vimtouch	v√µtt?a tagasi	u					
et		[^:]	n√§ita l√µike ?lauda		showClipboard				
en		[^:]	show clipboard		showClipboard				
et		[^:]	(?:kustuta|puhasta|t√ºhjenda) l√µike ?lauda?		clearClipboard				
et		[^:]	vali tume		select	üèø			test
et		[^:]	tee heledamaks		replace	üèø	üèº	Change the skin color to lighter	test
et		[^:]	korrasta(da)? t√ºhi(kud| ?ruum)		replaceSelRe	[ ]+	 	Remove extra space chars. TODO: obsolete: use replaceRe	test
et		[^:]	paranda (.+?) .+ (.+)		replaceSelRe	$1 (.+) $2	$1 \$1 $2	TODO: experiment without $3, i.e. open ended span	test
et		[^:]	pane..imeks (.+)		saveClip	$1	{}		
et		[^:]	salvesta (.+)		saveClip	$1	{}		
et		[^:]	^salvesta$		saveClip	K6_DEFAULT_CLIPBOARD_KEY	{}		
et		[^:]	sisesta (.+)		loadClip	$1			
et		[^:]	^sisesta$		loadClip	K6_DEFAULT_CLIPBOARD_KEY			
et		[^:]	mine laus. alguses(se)?		selectReBefore	(?:^|[.?!]\\s+)()		Use of non-capturing group	
et		[^:]	mine laus. l√µppu		selectReAfter	(?:$|[.?!]\\s+)()		TODO: $ does not work in app (but works in tests)	
et		[^:]	mine eelmise lause algusesse		selectReBefore	[.?!]\\s*()[^.?!]+[.?!]			
et		[^:]	mine eelmise lause l√µppu		selectReBefore	[.?!]\\s*[^.?!]+[.?!]()			
et		[^:]	vali eelmine lause		selectReBefore	[.?!]\\s*([^.?!]+[.?!])			
et		[^:]	vali eelmine s√µna		selectReBefore	\\b(.+)			
et		[^:]	mine j√§rgmise lause algusesse		selectReAfter	[.?!]\\s*()[^.?!]+[.?!]		TODO	
et		[^:]	mine j√§rgmise lause l√µppu		selectReAfter	(?:$|[.?!]\\s+)()	2		
et		[^:]	vali j√§rgmine lause		selectReAfter	[.?!]\\s*([^.?!]+[.?!])		TODO	
et		[^:]	vali j√§rgmine l√µik		selectReAfter	\\n\\n\\s*(.+?)\\s*\\n\\n		TODO	
et		[^:]	vali √ºle ?j√§rgmine l√µik		selectReAfter	\\n\\n\\s*(.+?)\\s*\\n\\n	2	TODO	
et		[^:]	mine √ºle ?j√§rgmise lause algusesse		selectReAfter	[.?!]\\s*()[^.?!]+[.?!]	2	TODO	
et		[^:]	mine √ºle ?j√§rgmise lause l√µppu		selectReAfter	(?:$|[.?!]\\s+)()	3		
et		[^:]	vali √ºle ?j√§rgmine lause		selectReAfter	[.?!]\\s*([^.?!]+[.?!])	2	TODO	
et		[^:]	mine eelmine l√µik		selectReBefore	[.?!]()\\n\\n		untested	
et		[^:]	mine (\d+) lauset tagasi		selectReBefore	()([^.?!]*[.?!]){$1}		untested	
et		[^:]	mine (\d+) s√µna tagasi		selectReBefore	()(\\b[^\\s]+\\b){$1}		untested	
et		[^:]	mine viis s√µna tagasi		selectReBefore	()(\\b[^\\s]+\\b){5}		untested	
et		[^:]	mine √ºks s√µna tagasi		selectReBefore	()(\\b[^\\s]+\\b)		untested	
et		[^:]	mine (\d+) t√§hte tagasi		selectReBefore	(.){$1}		untested	
et		[^:]	mine (\d+) t√§hte edasi		selectReAfter	.()	$1	untested	
et		[^:]	vali j√§rgmine (t√§ht|s√ºmbol)		selectReAfter	(.)	1		
et		[^:]	vali √ºle ?j√§rgmine (t√§ht|s√ºmbol)		selectReAfter	(.)	2		
et		[^:]	mine( dokumendi)? alguses(se)?		goToCharacterPosition	0		editing	
et		[^:]	mine( teksti)? alguses(se)?		goToCharacterPosition	0			
et		[^:]	(.*)mine(?: dokumendi)? l√µpp?u	$1	goToCharacterPosition	-1		TODO: Arg1=$1	
et		[^:]	(.*)mine(?: teksti)? l√µpp?u	$1	goToCharacterPosition	-1		TODO	
et		[^:]	mine positsioonile miinus (\d+)		goToCharacterPosition	-$1			
et		[^:]	mine positsioonile (-?\d+)		goToCharacterPosition	$1			
et		[^:]	mine (\d+) sammu edasi		goForward	$1			
et		[^:]	mine √ºks sammu? edasi		goForward				
et		[^:]	mine (\d+) sammu tagasi		goBackward	$1			
et		[^:]	mine √ºks sammu? tagasi		goBackward				
et		[^:]	mine tagasi		goToPreviousField				
et		[^:]	mine eelmisele v√§ljale		goToPreviousField				
et		[^:]	eelmine v√§li		goToPreviousField				
et		[^:]	mine edasi		goToNextField				
et		[^:]	mine j√§rgmisele v√§ljale		goToNextField				
et		[^:]	(.*)\bj√§rgmine v√§li	$1	goToNextField				
et		[^:]	valin? (.+) ja lisan? ?jutum√§rgid		replace	$2	"$2"		
et		[^:]	valin? (.+) ja lisan? ?t√§rnid		replace	$2	*$2*		
et		[^:]	vali (.+) ja lisan? ?kriipsud		replace	$2	_$2_		
et		[^:]	valin? klambrid		selectReBefore	\\[([^]]*)\\]			
et		[^:]	valin? j√§rgmised klambrid		selectReAfter	\\[([^]]*)\\]			
et		[^:]	valin? j√§rgmine (.+)		selectReAfter	$1			
et		[^:]	valin? √ºle ?j√§rgmine (.+)		selectReAfter	$1	2		
en		[^:]	select next (.+)		selectReAfter	$1			
en		[^:]	select (the )?(second|II|2nd) (.+) to the right		selectReAfter	$3	2		
et		[^:]	panen?(?: s√µna)? (.+) asemele (.+)		replace	$1	$2		
et		[^:]	asend[^ ]* s√µna ?(.+) s√µnaga (.+)		replace	$1	$2		
et		[^:]	asend[^ ]* s√µnaga (.+) s√µna ?(.+)		replace	$2	$1		
et		[^:]	√ºhend[^ ]* s√µnad (.+) (?:ja|ning) (.+) side ?kriipsuga		replace	$1 $2	$1-$2		
et		[^:]	√ºhend[^ ]* s√µnad (.+) (?:ja|ning) (.+)		replace	$1 $2	$1$2		
et		[^:]	erald[^ ]* s√µnad (.+) (?:ja|ning) (.+)		replace	$1$2	$1 $2		
et		[^:]	asend[^ ]* s√µnaga (.+)		replaceSel	$1			
et		[^:]	lisan? ?jutum√§rgid		replaceSel	"{}"			
en		[^:]	add quotation marks		replaceSel	"{}"			
et		[^:]	lisan? ?t√§rnid		replaceSel	*{}*			
et		[^:]	lisan? ?(ala ?)?kriipsud		replaceSel	_{}_			
et		[^:]	lisan? ?klambrid		replaceSel	[{}]			
et		[^:]	lisan? ?vasak ?klamber		replaceSel	[{}			
et		[^:]	lisan? ?parem ?klamber		replaceSel	{}]			
et		[^:]	lisan? ?sulud		replaceSel	({})			
et		[^:]	lisan? ?vasak ?sulg		replaceSel	({}			
et		[^:]	lisan? ?parem ?sulg		replaceSel	{})			
et		[^:]	suured t√§hed		ucSel				
et		[^:]	v√§ike?sed t√§hed		lcSel				
et		[^:]	eemaldan? valik		resetSel				
et		[^:]	kopeerin? s√µna (.+)		copyStr	$1			
et		[^:]	kopeerin? k√µik		copyAll				
et		[^:]	valin? k√µik ja kopeerin?		copyAll				
et		[^:]	kopeerin?		copy				
et		[^:]	kopeerin? (.+)		copyStr	$1			
et		[^:]	valin? k√µik ja kustutan?		deleteAll				
et		[^:]	valin? k√µik ja l√µikan?		cutAll				
et		[^:]	valin? k√µik		selectAll				
en		[^:]	select (all|everything)		selectAll				
et		[^:]	valin? (.+) kuni (.+)		selectReBefore	$1.*?$2		untested, reluctant	
en		[^:]	select from (.+) to (.+)		selectReBefore	$1.*?$2		untested, reluctant	
et		[^:]	valin? (.).*algus ?t√§ht		select	$1			
et		[^:]	valin? t√ºhik		select	 			
et		[^:]	vali([,.?!])		select	$1		select a single glued char (e.g. comma)	
et		[^:]	valin? (.+)		select	$1			
et		[^:]	l√µikan?		cut				
et		[^:]	kleebin?		paste				
et		[^:]	(kustuta?|eemaldan?) eelmine s√µna		deleteLeftWord				
et		[^:]	kustutan? t√ºhik		delete	 			
et		[^:]	kustutan? (.+)		delete	$1			
en		[^:]	delete (.+)		delete	$1			
et		[^:]	kustutan?		cut				
et		[^:]	panen? ?t√ºhik		replaceSel	 			
et		[^:]	panen? ?rea ?vahetus		replaceSel	\n			
et		[^:]	v√µtt?an? tagasi		undo				
en		[^:]	undo that		undo				
et		[^:]	v√µtt?an? (\d+) sammu tagasi		undo	$1			
et		[^:]	v√µtt?an? (\d+) korda tagasi		undo	$1			
et		[^:]	mine √ºles|l√§hen √ºles		goUp				
et		[^:]	mine alla|l√§hen alla		goDown				
et		[^:]	mine vasakule|l√§hen vasakule		goLeft				
et		[^:]	mine paremale|l√§hen paremale		goRight				
et		[^:]	(h√ºppa|mine) (algus ?t√§ht|esi ?t√§ht|esimene ?t√§ht)		selectReBefore	\\s([^\\s])		select non-space next to space	
et		[^:]	h√ºppan? (.+)		selectReBefore	$1()			
et		[^:]	(.*)\bmine	$1	imeActionGo				
et		[^:]	(.*)\botsin?	$1	imeActionSearch				
et	ee.*speak	google.*(talk|fireball)	(.*)\bsaadan? √§ra	$1	imeActionSend				
en	ee.*speak	google.*(talk|fireball)	(.*)\bsend (it )?off?\.?	$1	imeActionSend				
en	voicesearch	google.*(talk|fireball)	(.*)\bsend (it )?off?\.?	$1	imeActionSend				
et		[^:]	(.*)\b(l√µpeta|tehtud)	$1	imeActionDone				
et		[^:]	klahv alfa		keyCodeStr	A			
et		[^:]	klahv suur a		keyCodeStr	A			
et		[^:]	klahv v√§ike a		keyCodeStr	A			
et		[^:]	klahv number (\d+)		keyCode	$1			
et		[^:]	klahv enter		keyCodeStr	ENTER			
et		[^:]	klahv (tabulaat|tabulaadur|tabula rasa)		keyCodeStr	TAB			
et		[^:]	(klahv )?p√µgene		keyCodeStr	ESCAPE			
et		[^:]	panen? (.).*algus ?t√§ht		replaceSel	$2			
et		[^:]	panen? (.).* 1\. ?t√§ht		replaceSel	$2			
et		[^:]	panen? .(.).* 2\. ?t√§ht		replaceSel	$2			
et		[^:]	(kordan?|rakendan?) (\d+) korda		apply	$2			
en		[^:]	apply (\d+) times		apply	$1		untested	
et		[^:]	kombineerin? (\d+)		combine	$1		untested	
en		[^:]	combine (\d+)		combine	$1		untested	
en		[^:]	select (.+)		select	$1		untested	
