Locale	App	Utterance	Replacement	Command	Arg1	Comment	Tags
	:	mida √ºtleb rebane|what does the fox say	{ "component": "ee.ioc.phon.android.speak/.activity.SpeechActionActivity", "extras": {     "ee.ioc.phon.android.extra.VOICE_PROMPT": "ao√§ia √µe uue oa√µieaia √µueaua √∂√∂au ao√§ia √µe uue oa√µieaia √µueaua √∂√∂au",     "android.speech.extra.PROMPT": "Rebane √ºtleb nii...",     "android.speech.extra.LANGUAGE": "en" }}			Example of voice prompt
		([^ ]+ [^ ]+) \1	$1			delete repetition
#en	com\.google\.android\.apps\.fireball	^assist[a-z]+	@google 			Query Google Assistant
#en	com\.google\.android\.apps\.fireball	^(at )?Google	@google 			Query Google Assistant
et		kolm karu	üêªüêªüêª
en		old man dark skin tone	üë¥üèø			Emoji
et		vana mustanahaline mees	üë¥üèø			Emoji
#et		\b√ºks\b	1			number; "√ºks" is ambiguous	number
et		\bkaks\b	2				number
et		\bkolm\b	3				number
et		\bneli\b	4				number
et		\bviis minuti	5 minuti			number; "viis" is ambiguous	number
et		\bkuus\b	6				number
et		\bseitse\b	7				number
et		\bkaheksa\b	8				number
et		\b√ºheksa\b	9				number
et		\bk√ºmme\b	10				number
et		(\d) kolmandikku	$1/3				number
et		(\d) neljandikku	$1/4				number
et		(\d) viiendikku	$1/5				number
et		(\d) kuuendikku	$1/6				number
et		(\d) seitsmendikku	$1/7				number
et		(\d) kaheksandikku	$1/8				number
et		(\d) √ºheksandikku	$1/9				number
et		^n√§ita √§ratuskell.?$	{ "action": "android.intent.action.SHOW_ALARMS", "flags": [4096] }				intent, alarm
		^(?:taimer|timer|taime|Daimler) (\d+)$	{ "action": "android.intent.action.SET_TIMER", "extras": {     "android.intent.extra.alarm.LENGTH": $1,     "android.intent.extra.alarm.MESSAGE": "Tiksub",     "android.intent.extra.alarm.SKIP_UI": false     } }				intent, alarm
et		^.*√§rata mind(?: palun)?(?: kell)? (\d+) (?:0 )?(\d+)\s*(.*)$	{ "action": "android.intent.action.SET_ALARM", "extras": {     "android.intent.extra.alarm.HOUR": $1,     "android.intent.extra.alarm.MINUTES": $2,     "android.intent.extra.alarm.MESSAGE": "$3"     }, "categories": ["android.intent.category.VOICE"], "flags": [4096] }				intent, alarm
et		^.*√§rata mind(?: palun)? kell (\d+)\s*(.*)$	{ "action": "android.intent.action.SET_ALARM", "extras": {     "android.intent.extra.alarm.HOUR": $1,     "android.intent.extra.alarm.MESSAGE": "$2"     }, "categories": ["android.intent.category.VOICE"], "flags": [4096] }				intent, alarm
en		^set(?: the)? alarm.* (\d+):?0?(\d+)\s*(.*)$	{ "action": "android.intent.action.SET_ALARM", "extras": {     "android.intent.extra.alarm.HOUR": $1,     "android.intent.extra.alarm.MINUTES": $2,     "android.intent.extra.alarm.MESSAGE": "$3"     } }				intent, alarm
et	:	^ava (.+)$	{ "action": "android.intent.action.VIEW", "data": "http://www.$1.ee" }				intent, http
et	:	algus (.+) l√µpp (.+)	{ "action": "android.intent.action.VIEW", "data": "http://maps.google.com/maps?saddr=$1&daddr=$2" }
et	:	^otsi (.+)$	{ "action": "com.google.android.gms.actions.SEARCH_ACTION", "extras": {     "query": "$1"     } }				intent, component
et	:	^vali number (.+)$	{ "action": "android.intent.action.DIAL", "data": "tel:$1" }				intent, component
et	:	^m√§ngi muusikat (.+)$	{ "action": "android.media.action.MEDIA_PLAY_FROM_SEARCH", "extras": {     "android.intent.extra.focus": "vnd.android.cursor.item/*",     "query": "$1"     }, "flags": [4096] }				intent, alarm
et		(\d+(\.\d+)?) korda (?=\d+(\.\d+)?)	$1 * 			Using lookahead. "korda" is ambiguous, but between numbers and in VimTouch it is written as "*".
		^Pealkiri (.+)	# $1
et	[^:]	muster (1|√ºks)	Tere,\n\n				template
et	[^:]	muster (2|kaks)	Nimi: []\n\nIsikukood: []\n\nAadress: []\n\n				template
et	[^:]	^vastuse vorm m√º√ºgipakkumisele$	Lugupeetud []\n \n T√§name Teid, et vastasite meie\n \n Lugupidamisega\n Heikki Papper\n m√º√ºgijuht				template
		^([{].+)		activity	$1	Launch activity if the Utterance starts with "{".
